<?xml version="1.0" encoding="utf-8"?>
<manifest identifier="rl6ScgZv22ncb" xmlns="http://www.imsproject.org/xsd/imscp_rootv1p1p2" xmlns:adlcp="http://www.adlnet.org/xsd/adlcp_rootv1p2" xmlns:xsi="http://www.w3.org/2001/XMLSchema-instance" xmlns:lom="http://www.imsglobal.org/xsd/imsmd_rootv1p2p1" xsi:schemaLocation="http://www.imsproject.org/xsd/imscp_rootv1p1p2 imscp_rootv1p1p2.xsd http://www.imsglobal.org/xsd/imsmd_rootv1p2p1 imsmd_rootv1p2p1.xsd http://www.adlnet.org/xsd/adlcp_rootv1p2 adlcp_rootv1p2.xsd">
	<metadata>
		<schema>ADL SCORM</schema>
		<schemaversion>1.2</schemaversion>
		<lom:lom>
			<lom:general>
				<lom:title>
					<lom:langstring>Level 1 Vocabulary</lom:langstring>
				</lom:title>
			</lom:general>
			<lom:educational>
				<lom:typicallearningtime>
				<lom:datetime>01:00:00</lom:datetime>
				</lom:typicallearningtime>
			</lom:educational>
		</lom:lom>
	</metadata>
	<organizations default="level_1_vocabulary_organization">
		<organization identifier="level_1_vocabulary_organization">

			<title>Level 1 Vocabulary</title>
			<item identifier="A3367F80-309D-4FEB-8056-D3339CAB0644" identifierref="resource">
				<title>Level 1 Vocabulary</title>
			</item>
		</organization>
	</organizations>
	<resources>
		<resource identifier="resource" type="webcontent" adlcp:scormtype="sco" href="res/index.html">
			<file href="res/data/apple-touch-icon.png"/>
<file href="res/data/audios/snd-1fcc86ae99b1b83b8580a4a4ff11078231cefb75.mp3"/>
<file href="res/data/audios/snd-8b63f4272dacdbde1b8af4452cbf54d56aef4ac3.mp3"/>
<file href="res/data/browsersupport.js"/>
<file href="res/data/favicon.ico"/>
<file href="res/data/fonts/fnt0.woff"/>
<file href="res/data/fonts/fnt1.woff"/>
<file href="res/data/fonts/fnt2.woff"/>
<file href="res/data/fonts/fnt3.woff"/>
<file href="res/data/fonts/fnt4.woff"/>
<file href="res/data/goodbye.html"/>
<file href="res/data/html5-unsupported.html"/>
<file href="res/data/html5.png"/>
<file href="res/data/images/img-23af6add6ad1ddc844ca41591edab55ab4e79804.jpg"/>
<file href="res/data/images/img-5c261cf994a0d760f9faaef95c81f3ad3eb447a2.jpg"/>
<file href="res/data/images/img-cf58e3f45658f7d053b7f79a1d4e032faef57e65.jpg"/>
<file href="res/data/lms.js"/>
<file href="res/data/player.js"/>
<file href="res/index.html"/>

		</resource>
	</resources>
</manifest>